<domain type='kvm'>
  <name>sysmasterwithbusybox</name>
  <memory unit='KiB'>8388608</memory>
  <currentMemory unit='KiB'>8388608</currentMemory>
  <vcpu placement='static'>4</vcpu>
  <resource>
    <partition>/machine</partition>
  </resource>
  <os>
    <type arch='aarch64' machine='virt-2.8'>hvm</type>
     <loader readonly='yes' type='pflash'>/usr/share/edk2/aarch64/QEMU_EFI-pflash.raw</loader>
     <nvram>/var/lib/libvirt/qemu/nvram/minios-base-2.9_VARS.fd</nvram>
    <kernel>/data/sysmasterwithbusybox/run_image/Image.gz</kernel>
    <initrd>/data/sysmasterwithbusybox/run_image/output/FSNAME</initrd>
    <cmdline>rdinit=/sbin/init console=ttyAMA0</cmdline>
    <boot dev='hd'/>
  </os>
  <features>
    <gic version='3'/>
  </features>
  <cpu mode='host-passthrough' check='none'/>
  <clock offset='utc'/>
  <on_poweroff>destroy</on_poweroff>
  <on_reboot>restart</on_reboot>
  <on_crash>restart</on_crash>
  <devices>
    <emulator>/usr/bin/qemu-kvm</emulator>
    <controller type='usb' index='0' model='ehci'>
      <address type='pci' domain='0x0000' bus='0x02' slot='0x01' function='0x0'/>
    </controller>
    <controller type='scsi' index='0' model='virtio-scsi'>
      <address type='pci' domain='0x0000' bus='0x02' slot='0x03' function='0x0'/>
    </controller>
    <controller type='pci' index='0' model='pcie-root'/>
    <controller type='pci' index='1' model='dmi-to-pci-bridge'>
      <model name='i82801b11-bridge'/>
      <address type='pci' domain='0x0000' bus='0x00' slot='0x01' function='0x0'/>
    </controller>
    <controller type='pci' index='2' model='pci-bridge'>
      <model name='pci-bridge'/>
      <target chassisNr='2'/>
      <address type='pci' domain='0x0000' bus='0x01' slot='0x00' function='0x0'/>
    </controller>
    <controller type='pci' index='3' model='pcie-root-port'>
      <model name='ioh3420'/>
      <target chassis='3' port='0x10'/>
      <address type='pci' domain='0x0000' bus='0x00' slot='0x02' function='0x0' multifunction='on'/>
    </controller>
    <controller type='pci' index='4' model='pcie-root-port'>
      <model name='ioh3420'/>
      <target chassis='4' port='0x11'/>
      <address type='pci' domain='0x0000' bus='0x00' slot='0x02' function='0x1'/>
    </controller>
    <controller type='pci' index='5' model='pcie-root-port'>
      <model name='ioh3420'/>
      <target chassis='5' port='0x12'/>
      <address type='pci' domain='0x0000' bus='0x00' slot='0x02' function='0x2'/>
    </controller>
    <controller type='pci' index='6' model='pcie-root-port'>
      <model name='ioh3420'/>
      <target chassis='6' port='0x13'/>
      <address type='pci' domain='0x0000' bus='0x00' slot='0x02' function='0x3'/>
    </controller>
    <controller type='pci' index='7' model='pcie-root-port'>
      <model name='pcie-root-port'/>
      <target chassis='7' port='0x14'/>
      <address type='pci' domain='0x0000' bus='0x00' slot='0x02' function='0x4'/>
    </controller>
    <controller type='pci' index='8' model='pcie-root-port'>
      <model name='pcie-root-port'/>
      <target chassis='8' port='0x15'/>
      <address type='pci' domain='0x0000' bus='0x00' slot='0x02' function='0x5'/>
    </controller>
    <interface type='bridge'>
      <mac address='52:54:00:56:a2:e8'/>
      <source bridge='br0'/>
      <model type='virtio'/>
      <address type='pci' domain='0x0000' bus='0x03' slot='0x00' function='0x0'/>
    </interface>
    <serial type='pty'>
      <target port='0'/>
    </serial>
    <console type='pty'>
      <target type='serial' port='0'/>
    </console>
    <input type='tablet' bus='usb'>
      <address type='usb' bus='0' port='1'/>
    </input>
    <input type='keyboard' bus='usb'>
      <address type='usb' bus='0' port='2'/>
    </input>
    <graphics type='vnc' port='-1' autoport='yes' listen='0.0.0.0'>
      <listen type='address' address='0.0.0.0'/>
    </graphics>
    <video>
      <model type='virtio' heads='1' primary='yes'/>
      <address type='pci' domain='0x0000' bus='0x02' slot='0x04' function='0x0'/>
    </video>
    <memballoon model='virtio'>
      <address type='pci' domain='0x0000' bus='0x02' slot='0x02' function='0x0'/>
    </memballoon>
  </devices>
  <seclabel type='none' model='none'/>
  <seclabel type='dynamic' model='dac' relabel='yes'/>
</domain>
